variable,ws,model1,model2,u,p
direction,10,Bi,Conv,534433453103.5,0.0
direction,10,Bi,actual,565566483419.0,0.01540465167972945
direction,10,Bi,GRU_Att_1,548723263186.0,2.2840391637796426e-253
direction,10,Bi,GRU_Att_2,549363631840.5,6.135378022127189e-236
direction,10,Bi,GRU_Att_3,557211039340.5,4.038143949717076e-73
direction,10,Bi,GRU_Att_4,560464798224.0,4.155789663129573e-33
direction,10,Bi,GRU_Linear,481599862397.5,0.0
direction,10,Bi,GRU_Reference,0.0,0.0
direction,10,Bi,GRU_Third,0.0,0.0
direction,10,Bi,GRU_Twice,0.0,0.0
direction,10,Bi,LSTM_Linear,475385266698.5,0.0
direction,10,Bi,LSTM_Reference,0.0,0.0
direction,10,Bi,LSTM_Third,0.0,0.0
direction,10,Bi,LSTM_Twice,0.0,0.0
direction,10,Bi,RNN_Linear,514365534261.0,0.0
direction,10,Bi,RNN_Reference,0.0,0.0
direction,10,Bi,RNN_Third,0.0,0.0
direction,10,Bi,RNN_Twice,0.0,0.0
direction,10,Bi,UniTS,556259649310.0,7.319045177775668e-88
direction,10,Conv,actual,565652604103.5,0.023742538124933096
direction,10,Conv,GRU_Att_1,543485624450.5,0.0
direction,10,Conv,GRU_Att_2,544298823061.0,0.0
direction,10,Conv,GRU_Att_3,552364871402.0,1.383452479341892e-162
direction,10,Conv,GRU_Att_4,554999168178.0,1.624885105395596e-109
direction,10,Conv,GRU_Linear,502075158806.5,0.0
direction,10,Conv,GRU_Reference,0.0,0.0
direction,10,Conv,GRU_Third,0.0,0.0
direction,10,Conv,GRU_Twice,0.0,0.0
direction,10,Conv,LSTM_Linear,501736257331.5,0.0
direction,10,Conv,LSTM_Reference,0.0,0.0
direction,10,Conv,LSTM_Third,0.0,0.0
direction,10,Conv,LSTM_Twice,0.0,0.0
direction,10,Conv,RNN_Linear,533231166314.5,0.0
direction,10,Conv,RNN_Reference,0.0,0.0
direction,10,Conv,RNN_Third,0.0,0.0
direction,10,Conv,RNN_Twice,0.0,0.0
direction,10,Conv,UniTS,552327744411.0,2.0769900955839735e-163
direction,20,Bi,Conv,492992434582.0,0.0
direction,20,Bi,actual,526541283113.0,4.671004491134284e-270
direction,20,Bi,GRU_Att_1,500462190594.0,0.0
direction,20,Bi,GRU_Att_2,497578114156.0,0.0
direction,20,Bi,GRU_Att_3,501997357273.0,0.0
direction,20,Bi,GRU_Att_4,501929679364.5,0.0
direction,20,Bi,GRU_Linear,540414939041.5,9.401127534809835e-17
direction,20,Bi,GRU_Reference,0.0,0.0
direction,20,Bi,GRU_Third,0.0,0.0
direction,20,Bi,GRU_Twice,0.0,0.0
direction,20,Bi,LSTM_Linear,533785741801.5,5.5441229272800026e-99
direction,20,Bi,LSTM_Reference,0.0,0.0
direction,20,Bi,LSTM_Third,0.0,0.0
direction,20,Bi,LSTM_Twice,0.0,0.0
direction,20,Bi,RNN_Linear,534131216453.5,6.039559247582275e-93
direction,20,Bi,RNN_Reference,0.0,0.0
direction,20,Bi,RNN_Third,0.0,0.0
direction,20,Bi,RNN_Twice,0.0,0.0
direction,20,Bi,UniTS,526974202259.0,1.901132627383847e-257
direction,20,Conv,actual,539704381280.5,3.504859655894785e-22
direction,20,Conv,GRU_Att_1,521947935428.5,0.0
direction,20,Conv,GRU_Att_2,518710179893.0,0.0
direction,20,Conv,GRU_Att_3,523278514407.0,0.0
direction,20,Conv,GRU_Att_4,524070875290.0,0.0
direction,20,Conv,GRU_Linear,511211500360.0,0.0
direction,20,Conv,GRU_Reference,0.0,0.0
direction,20,Conv,GRU_Third,0.0,0.0
direction,20,Conv,GRU_Twice,0.0,0.0
direction,20,Conv,LSTM_Linear,518880588573.0,0.0
direction,20,Conv,LSTM_Reference,0.0,0.0
direction,20,Conv,LSTM_Third,0.0,0.0
direction,20,Conv,LSTM_Twice,0.0,0.0
direction,20,Conv,RNN_Linear,488549217650.5,0.0
direction,20,Conv,RNN_Reference,0.0,0.0
direction,20,Conv,RNN_Third,0.0,0.0
direction,20,Conv,RNN_Twice,0.0,0.0
direction,20,Conv,UniTS,537076084422.0,2.5967788793962986e-49
direction,2,Bi,Conv,573698644610.5,9.335977819627528e-82
direction,2,Bi,actual,545132223001.5,0.0
direction,2,Bi,GRU_Att_1,543297257008.5,0.0
direction,2,Bi,GRU_Att_2,539480589771.5,0.0
direction,2,Bi,GRU_Att_3,541542226892.5,0.0
direction,2,Bi,GRU_Att_4,540757369040.0,0.0
direction,2,Bi,GRU_Linear,533931832691.5,0.0
direction,2,Bi,GRU_Reference,0.0,0.0
direction,2,Bi,GRU_Third,0.0,0.0
direction,2,Bi,GRU_Twice,0.0,0.0
direction,2,Bi,LSTM_Linear,550880136439.0,0.0
direction,2,Bi,LSTM_Reference,0.0,0.0
direction,2,Bi,LSTM_Third,0.0,0.0
direction,2,Bi,LSTM_Twice,0.0,0.0
direction,2,Bi,RNN_Linear,575791088445.0,5.932406458793937e-53
direction,2,Bi,RNN_Reference,0.0,0.0
direction,2,Bi,RNN_Third,0.0,0.0
direction,2,Bi,RNN_Twice,0.0,0.0
direction,2,Bi,UniTS,525209905980.0,0.0
direction,2,Conv,actual,541690867760.5,0.0
direction,2,Conv,GRU_Att_1,531098031036.5,0.0
direction,2,Conv,GRU_Att_2,526790853756.0,0.0
direction,2,Conv,GRU_Att_3,531225517771.0,0.0
direction,2,Conv,GRU_Att_4,528483599383.0,0.0
direction,2,Conv,GRU_Linear,541443025513.0,0.0
direction,2,Conv,GRU_Reference,0.0,0.0
direction,2,Conv,GRU_Third,0.0,0.0
direction,2,Conv,GRU_Twice,0.0,0.0
direction,2,Conv,LSTM_Linear,568030436394.0,8.444894958740389e-192
direction,2,Conv,LSTM_Reference,0.0,0.0
direction,2,Conv,LSTM_Third,0.0,0.0
direction,2,Conv,LSTM_Twice,0.0,0.0
direction,2,Conv,RNN_Linear,571743514536.5,1.9941352226540097e-114
direction,2,Conv,RNN_Reference,0.0,0.0
direction,2,Conv,RNN_Third,0.0,0.0
direction,2,Conv,RNN_Twice,0.0,0.0
direction,2,Conv,UniTS,523538341865.0,0.0
direction,30,Bi,Conv,515730635188.5,9.85943949212064e-63
direction,30,Bi,actual,518752749066.0,9.01314401375512e-27
direction,30,Bi,GRU_Att_1,445959744231.5,0.0
direction,30,Bi,GRU_Att_2,498255009859.0,0.0
direction,30,Bi,GRU_Att_3,502552290875.0,0.0
direction,30,Bi,GRU_Att_4,481601626659.0,0.0
direction,30,Bi,GRU_Linear,520348142229.5,4.7252044862827443e-14
direction,30,Bi,GRU_Reference,0.0,0.0
direction,30,Bi,GRU_Third,0.0,0.0
direction,30,Bi,GRU_Twice,0.0,0.0
direction,30,Bi,LSTM_Linear,517557036586.0,3.8274293769068304e-39
direction,30,Bi,LSTM_Reference,0.0,0.0
direction,30,Bi,LSTM_Third,0.0,0.0
direction,30,Bi,LSTM_Twice,0.0,0.0
direction,30,Bi,RNN_Linear,509899831850.0,2.416413292104741e-176
direction,30,Bi,RNN_Reference,0.0,0.0
direction,30,Bi,RNN_Third,0.0,0.0
direction,30,Bi,RNN_Twice,0.0,0.0
direction,30,Bi,UniTS,507666920702.0,2.8344360031778784e-235
direction,30,Conv,actual,515677850273.0,1.6068815463925987e-63
direction,30,Conv,GRU_Att_1,440815085875.0,0.0
direction,30,Conv,GRU_Att_2,495197574333.0,0.0
direction,30,Conv,GRU_Att_3,499452635512.0,0.0
direction,30,Conv,GRU_Att_4,480228002945.5,0.0
direction,30,Conv,GRU_Linear,503528343864.5,0.0
direction,30,Conv,GRU_Reference,0.0,0.0
direction,30,Conv,GRU_Third,0.0,0.0
direction,30,Conv,GRU_Twice,0.0,0.0
direction,30,Conv,LSTM_Linear,518369409430.5,1.794438509119413e-30
direction,30,Conv,LSTM_Reference,0.0,0.0
direction,30,Conv,LSTM_Third,0.0,0.0
direction,30,Conv,LSTM_Twice,0.0,0.0
direction,30,Conv,RNN_Linear,488560583972.0,0.0
direction,30,Conv,RNN_Reference,0.0,0.0
direction,30,Conv,RNN_Third,0.0,0.0
direction,30,Conv,RNN_Twice,0.0,0.0
direction,30,Conv,UniTS,511069215084.0,6.828735866345569e-149
direction,3,Bi,Conv,534436408429.5,0.0
direction,3,Bi,actual,545815996504.5,0.0
direction,3,Bi,GRU_Att_1,538716181573.0,0.0
direction,3,Bi,GRU_Att_2,533384531894.0,0.0
direction,3,Bi,GRU_Att_3,538006394548.0,0.0
direction,3,Bi,GRU_Att_4,535564932549.0,0.0
direction,3,Bi,GRU_Linear,546699161379.5,0.0
direction,3,Bi,GRU_Reference,0.0,0.0
direction,3,Bi,GRU_Third,0.0,0.0
direction,3,Bi,GRU_Twice,0.0,0.0
direction,3,Bi,LSTM_Linear,574160981421.5,4.7014635194886647e-45
direction,3,Bi,LSTM_Reference,0.0,0.0
direction,3,Bi,LSTM_Third,0.0,0.0
direction,3,Bi,LSTM_Twice,0.0,0.0
direction,3,Bi,RNN_Linear,533126739155.5,0.0
direction,3,Bi,RNN_Reference,0.0,0.0
direction,3,Bi,RNN_Third,0.0,0.0
direction,3,Bi,RNN_Twice,0.0,0.0
direction,3,Bi,UniTS,536605006705.0,0.0
direction,3,Conv,actual,579212119510.0,1.5974712171967978e-06
direction,3,Conv,GRU_Att_1,581577522165.0,0.6527433695708899
direction,3,Conv,GRU_Att_2,577360271724.5,2.341157363765621e-16
direction,3,Conv,GRU_Att_3,581051391491.0,0.15641814441617913
direction,3,Conv,GRU_Att_4,579569190637.5,3.4401960956864814e-05
direction,3,Conv,GRU_Linear,505857448683.5,0.0
direction,3,Conv,GRU_Reference,0.0,0.0
direction,3,Conv,GRU_Third,0.0,0.0
direction,3,Conv,GRU_Twice,0.0,0.0
direction,3,Conv,LSTM_Linear,524270519640.0,0.0
direction,3,Conv,LSTM_Reference,0.0,0.0
direction,3,Conv,LSTM_Third,0.0,0.0
direction,3,Conv,LSTM_Twice,0.0,0.0
direction,3,Conv,RNN_Linear,501068140615.5,0.0
direction,3,Conv,RNN_Reference,0.0,0.0
direction,3,Conv,RNN_Third,0.0,0.0
direction,3,Conv,RNN_Twice,0.0,0.0
direction,3,Conv,UniTS,562643609850.0,2.4895999003721996e-272
direction,4,Bi,Conv,564313783919.5,2.6348254132622345e-178
direction,4,Bi,actual,550769908631.5,0.0
direction,4,Bi,GRU_Att_1,538037189034.5,0.0
direction,4,Bi,GRU_Att_2,534432567026.5,0.0
direction,4,Bi,GRU_Att_3,540257114205.0,0.0
direction,4,Bi,GRU_Att_4,542703441139.0,0.0
direction,4,Bi,GRU_Linear,576129855492.5,2.184699052322226e-11
direction,4,Bi,GRU_Reference,0.0,0.0
direction,4,Bi,GRU_Third,0.0,0.0
direction,4,Bi,GRU_Twice,0.0,0.0
direction,4,Bi,LSTM_Linear,556731040269.0,0.0
direction,4,Bi,LSTM_Reference,0.0,0.0
direction,4,Bi,LSTM_Third,0.0,0.0
direction,4,Bi,LSTM_Twice,0.0,0.0
direction,4,Bi,RNN_Linear,537643910380.0,0.0
direction,4,Bi,RNN_Reference,0.0,0.0
direction,4,Bi,RNN_Third,0.0,0.0
direction,4,Bi,RNN_Twice,0.0,0.0
direction,4,Bi,UniTS,538627986312.0,0.0
direction,4,Conv,actual,558192512927.0,0.0
direction,4,Conv,GRU_Att_1,543891657424.0,0.0
direction,4,Conv,GRU_Att_2,541458947119.0,0.0
direction,4,Conv,GRU_Att_3,548721191647.0,0.0
direction,4,Conv,GRU_Att_4,548549634001.5,0.0
direction,4,Conv,GRU_Linear,557006945088.0,0.0
direction,4,Conv,GRU_Reference,0.0,0.0
direction,4,Conv,GRU_Third,0.0,0.0
direction,4,Conv,GRU_Twice,0.0,0.0
direction,4,Conv,LSTM_Linear,564604345691.0,9.038351378441747e-172
direction,4,Conv,LSTM_Reference,0.0,0.0
direction,4,Conv,LSTM_Third,0.0,0.0
direction,4,Conv,LSTM_Twice,0.0,0.0
direction,4,Conv,RNN_Linear,527326831196.0,0.0
direction,4,Conv,RNN_Reference,0.0,0.0
direction,4,Conv,RNN_Third,0.0,0.0
direction,4,Conv,RNN_Twice,0.0,0.0
direction,4,Conv,UniTS,543540781570.0,0.0
direction,5,Bi,Conv,543955403458.0,0.0
direction,5,Bi,actual,567556515036.0,4.1507752642851573e-76
direction,5,Bi,GRU_Att_1,568684370709.5,2.777883417720975e-60
direction,5,Bi,GRU_Att_2,575447452353.0,0.00010677310130541424
direction,5,Bi,GRU_Att_3,567086967432.0,2.9832988387840237e-83
direction,5,Bi,GRU_Att_4,561201366667.0,1.7067228715667114e-200
direction,5,Bi,GRU_Linear,475952628419.0,0.0
direction,5,Bi,GRU_Reference,0.0,0.0
direction,5,Bi,GRU_Third,0.0,0.0
direction,5,Bi,GRU_Twice,0.0,0.0
direction,5,Bi,LSTM_Linear,495234485786.5,0.0
direction,5,Bi,LSTM_Reference,0.0,0.0
direction,5,Bi,LSTM_Third,0.0,0.0
direction,5,Bi,LSTM_Twice,0.0,0.0
direction,5,Bi,RNN_Linear,535070723417.0,0.0
direction,5,Bi,RNN_Reference,0.0,0.0
direction,5,Bi,RNN_Third,0.0,0.0
direction,5,Bi,RNN_Twice,0.0,0.0
direction,5,Bi,UniTS,568838571290.0,2.891874833855579e-58
direction,5,Conv,actual,565543447098.5,4.923390422986483e-109
direction,5,Conv,GRU_Att_1,549538090732.0,0.0
direction,5,Conv,GRU_Att_2,545145961528.5,0.0
direction,5,Conv,GRU_Att_3,553574234892.5,0.0
direction,5,Conv,GRU_Att_4,556561882824.0,0.0
direction,5,Conv,GRU_Linear,511787998528.0,0.0
direction,5,Conv,GRU_Reference,0.0,0.0
direction,5,Conv,GRU_Third,0.0,0.0
direction,5,Conv,GRU_Twice,0.0,0.0
direction,5,Conv,LSTM_Linear,533659389059.5,0.0
direction,5,Conv,LSTM_Reference,0.0,0.0
direction,5,Conv,LSTM_Third,0.0,0.0
direction,5,Conv,LSTM_Twice,0.0,0.0
direction,5,Conv,RNN_Linear,565629642838.0,1.6790472991981363e-107
direction,5,Conv,RNN_Reference,0.0,0.0
direction,5,Conv,RNN_Third,0.0,0.0
direction,5,Conv,RNN_Twice,0.0,0.0
direction,5,Conv,UniTS,552391108957.0,0.0
latitude_no_abs,10,Bi,Conv,485805972824.0,0.0
latitude_no_abs,10,Bi,actual,542588714915.0,0.0
latitude_no_abs,10,Bi,GRU_Att_1,535817761288.0,0.0
latitude_no_abs,10,Bi,GRU_Att_2,522439378313.0,0.0
latitude_no_abs,10,Bi,GRU_Att_3,527807385217.0,0.0
latitude_no_abs,10,Bi,GRU_Att_4,541594179802.0,0.0
latitude_no_abs,10,Bi,GRU_Linear,466948981545.0,0.0
latitude_no_abs,10,Bi,GRU_Reference,563159861475.0,0.00037350268176266846
latitude_no_abs,10,Bi,GRU_Third,515668916691.0,0.0
latitude_no_abs,10,Bi,GRU_Twice,388665265128.0,0.0
latitude_no_abs,10,Bi,LSTM_Linear,542728125489.0,0.0
latitude_no_abs,10,Bi,LSTM_Reference,508838530906.0,0.0
latitude_no_abs,10,Bi,LSTM_Third,532708820309.0,0.0
latitude_no_abs,10,Bi,LSTM_Twice,529053474655.0,0.0
latitude_no_abs,10,Bi,RNN_Linear,551283604294.0,1.2317692788220377e-147
latitude_no_abs,10,Bi,RNN_Reference,551726108059.0,1.993272595364108e-138
latitude_no_abs,10,Bi,RNN_Third,486733004539.0,0.0
latitude_no_abs,10,Bi,RNN_Twice,490925690310.0,0.0
latitude_no_abs,10,Bi,UniTS,549060836381.0,1.9734026157873925e-198
latitude_no_abs,10,Conv,actual,547542987120.0,1.8193555536707305e-237
latitude_no_abs,10,Conv,GRU_Att_1,564710990258.0,0.5200861830846786
latitude_no_abs,10,Conv,GRU_Att_2,548290994168.0,8.668423272696015e-218
latitude_no_abs,10,Conv,GRU_Att_3,553304142128.0,5.004628184167309e-108
latitude_no_abs,10,Conv,GRU_Att_4,535509775168.0,0.0
latitude_no_abs,10,Conv,GRU_Linear,540465885024.0,0.0
latitude_no_abs,10,Conv,GRU_Reference,503709127120.0,0.0
latitude_no_abs,10,Conv,GRU_Third,451302091066.0,0.0
latitude_no_abs,10,Conv,GRU_Twice,470813546405.0,0.0
latitude_no_abs,10,Conv,LSTM_Linear,521692139442.0,0.0
latitude_no_abs,10,Conv,LSTM_Reference,441920231741.0,0.0
latitude_no_abs,10,Conv,LSTM_Third,538125306051.0,0.0
latitude_no_abs,10,Conv,LSTM_Twice,471091653859.0,0.0
latitude_no_abs,10,Conv,RNN_Linear,484313337687.0,0.0
latitude_no_abs,10,Conv,RNN_Reference,481642881925.0,0.0
latitude_no_abs,10,Conv,RNN_Third,559012184444.0,7.203401908337381e-30
latitude_no_abs,10,Conv,RNN_Twice,537632966890.5,0.0
latitude_no_abs,10,Conv,UniTS,551098669113.0,1.4221860460034947e-151
latitude_no_abs,20,Bi,Conv,511022120064.0,0.0
latitude_no_abs,20,Bi,actual,542872649965.0,0.7724910276596038
latitude_no_abs,20,Bi,GRU_Att_1,533775981333.0,1.1505145562348545e-71
latitude_no_abs,20,Bi,GRU_Att_2,523529625459.0,0.0
latitude_no_abs,20,Bi,GRU_Att_3,528658065729.0,3.258271445375695e-170
latitude_no_abs,20,Bi,GRU_Att_4,534638178083.0,2.992707331104932e-59
latitude_no_abs,20,Bi,GRU_Linear,425521091318.0,0.0
latitude_no_abs,20,Bi,GRU_Reference,443683226680.0,0.0
latitude_no_abs,20,Bi,GRU_Third,516759185630.0,0.0
latitude_no_abs,20,Bi,GRU_Twice,442457353872.0,0.0
latitude_no_abs,20,Bi,LSTM_Linear,522483313337.0,0.0
latitude_no_abs,20,Bi,LSTM_Reference,497903057229.0,0.0
latitude_no_abs,20,Bi,LSTM_Third,422138033690.0,0.0
latitude_no_abs,20,Bi,LSTM_Twice,410196746013.0,0.0
latitude_no_abs,20,Bi,RNN_Linear,514052301097.0,0.0
latitude_no_abs,20,Bi,RNN_Reference,490282680825.0,0.0
latitude_no_abs,20,Bi,RNN_Third,513060648051.0,0.0
latitude_no_abs,20,Bi,RNN_Twice,531417868396.0,8.736055917720832e-112
latitude_no_abs,20,Bi,UniTS,541372836388.0,0.0014083261874491854
latitude_no_abs,20,Conv,actual,532234477316.0,7.191963104836136e-97
latitude_no_abs,20,Conv,GRU_Att_1,501124320259.0,0.0
latitude_no_abs,20,Conv,GRU_Att_2,535601545246.0,8.353458300890312e-47
latitude_no_abs,20,Conv,GRU_Att_3,541989408661.0,0.04558883710728814
latitude_no_abs,20,Conv,GRU_Att_4,509195791911.0,0.0
latitude_no_abs,20,Conv,GRU_Linear,434546417738.0,0.0
latitude_no_abs,20,Conv,GRU_Reference,459114214569.0,0.0
latitude_no_abs,20,Conv,GRU_Third,519751353253.0,0.0
latitude_no_abs,20,Conv,GRU_Twice,455441416052.0,0.0
latitude_no_abs,20,Conv,LSTM_Linear,532892080998.0,1.204385935543469e-85
latitude_no_abs,20,Conv,LSTM_Reference,501007511273.0,0.0
latitude_no_abs,20,Conv,LSTM_Third,433159557164.0,0.0
latitude_no_abs,20,Conv,LSTM_Twice,413003471006.0,0.0
latitude_no_abs,20,Conv,RNN_Linear,515456396268.0,0.0
latitude_no_abs,20,Conv,RNN_Reference,500533586637.0,0.0
latitude_no_abs,20,Conv,RNN_Third,513435061559.0,0.0
latitude_no_abs,20,Conv,RNN_Twice,534893872093.0,8.43485876914448e-56
latitude_no_abs,20,Conv,UniTS,537336593647.0,3.5125553141581743e-28
latitude_no_abs,2,Bi,Conv,579543725422.0,7.640752154465472e-08
latitude_no_abs,2,Bi,actual,558184094322.0,0.0
latitude_no_abs,2,Bi,GRU_Att_1,539482650485.0,0.0
latitude_no_abs,2,Bi,GRU_Att_2,546097066625.0,0.0
latitude_no_abs,2,Bi,GRU_Att_3,549650763355.0,0.0
latitude_no_abs,2,Bi,GRU_Att_4,545886735110.0,0.0
latitude_no_abs,2,Bi,GRU_Linear,545711765685.0,0.0
latitude_no_abs,2,Bi,GRU_Reference,314583304276.0,0.0
latitude_no_abs,2,Bi,GRU_Third,499204666891.0,0.0
latitude_no_abs,2,Bi,GRU_Twice,465041189852.0,0.0
latitude_no_abs,2,Bi,LSTM_Linear,414265832275.0,0.0
latitude_no_abs,2,Bi,LSTM_Reference,336554506676.0,0.0
latitude_no_abs,2,Bi,LSTM_Third,412998960872.0,0.0
latitude_no_abs,2,Bi,LSTM_Twice,566286336236.0,3.3595817047977256e-195
latitude_no_abs,2,Bi,RNN_Linear,571158428649.0,1.3473755821837998e-96
latitude_no_abs,2,Bi,RNN_Reference,534540115385.0,0.0
latitude_no_abs,2,Bi,RNN_Third,509070652613.0,0.0
latitude_no_abs,2,Bi,RNN_Twice,475422418166.0,0.0
latitude_no_abs,2,Bi,UniTS,565381503513.0,2.4521266469596107e-217
latitude_no_abs,2,Conv,actual,537163417504.0,0.0
latitude_no_abs,2,Conv,GRU_Att_1,493590637566.0,0.0
latitude_no_abs,2,Conv,GRU_Att_2,501936650609.0,0.0
latitude_no_abs,2,Conv,GRU_Att_3,506104180657.0,0.0
latitude_no_abs,2,Conv,GRU_Att_4,500099056744.0,0.0
latitude_no_abs,2,Conv,GRU_Linear,542489069428.0,0.0
latitude_no_abs,2,Conv,GRU_Reference,342116497882.0,0.0
latitude_no_abs,2,Conv,GRU_Third,522498284596.0,0.0
latitude_no_abs,2,Conv,GRU_Twice,517574849223.0,0.0
latitude_no_abs,2,Conv,LSTM_Linear,448054153457.0,0.0
latitude_no_abs,2,Conv,LSTM_Reference,375191592177.0,0.0
latitude_no_abs,2,Conv,LSTM_Third,456225195636.0,0.0
latitude_no_abs,2,Conv,LSTM_Twice,555829474132.0,0.0
latitude_no_abs,2,Conv,RNN_Linear,581599682751.0,0.09350354539983038
latitude_no_abs,2,Conv,RNN_Reference,518772502305.0,0.0
latitude_no_abs,2,Conv,RNN_Third,526364398249.0,0.0
latitude_no_abs,2,Conv,RNN_Twice,478805572447.0,0.0
latitude_no_abs,2,Conv,UniTS,558852546140.0,0.0
latitude_no_abs,30,Bi,Conv,505731137569.0,4.805463526158869e-245
latitude_no_abs,30,Bi,actual,512807838349.0,2.48259487502229e-83
latitude_no_abs,30,Bi,GRU_Att_1,516175280331.0,1.4602499728166266e-36
latitude_no_abs,30,Bi,GRU_Att_2,498105614763.0,0.0
latitude_no_abs,30,Bi,GRU_Att_3,487939084921.0,0.0
latitude_no_abs,30,Bi,GRU_Att_4,506095015986.0,8.823810052293792e-235
latitude_no_abs,30,Bi,GRU_Linear,502088802268.0,0.0
latitude_no_abs,30,Bi,GRU_Reference,453470130215.0,0.0
latitude_no_abs,30,Bi,GRU_Third,517453574736.0,6.662351425500654e-24
latitude_no_abs,30,Bi,GRU_Twice,519827168421.0,8.727023399350714e-08
latitude_no_abs,30,Bi,LSTM_Linear,512526152437.0,3.973603052043629e-88
latitude_no_abs,30,Bi,LSTM_Reference,482977916004.0,0.0
latitude_no_abs,30,Bi,LSTM_Third,429555529929.0,0.0
latitude_no_abs,30,Bi,LSTM_Twice,480245762170.0,0.0
latitude_no_abs,30,Bi,RNN_Linear,515240480036.0,1.3619343293457874e-47
latitude_no_abs,30,Bi,RNN_Reference,476064445222.0,0.0
latitude_no_abs,30,Bi,RNN_Third,480013081562.0,0.0
latitude_no_abs,30,Bi,RNN_Twice,486682588823.0,0.0
latitude_no_abs,30,Bi,UniTS,512929229155.0,2.627277811735657e-81
latitude_no_abs,30,Conv,actual,514140444026.0,1.7088518462353303e-62
latitude_no_abs,30,Conv,GRU_Att_1,509374728613.0,4.3186495724952634e-151
latitude_no_abs,30,Conv,GRU_Att_2,497973772364.0,0.0
latitude_no_abs,30,Conv,GRU_Att_3,488340647833.0,0.0
latitude_no_abs,30,Conv,GRU_Att_4,488691132297.0,0.0
latitude_no_abs,30,Conv,GRU_Linear,502966020792.0,0.0
latitude_no_abs,30,Conv,GRU_Reference,465739950896.0,0.0
latitude_no_abs,30,Conv,GRU_Third,519186833244.0,3.41418940494877e-11
latitude_no_abs,30,Conv,GRU_Twice,517108560050.0,4.81305552948943e-27
latitude_no_abs,30,Conv,LSTM_Linear,507181064797.0,5.140886334754837e-205
latitude_no_abs,30,Conv,LSTM_Reference,479154232498.0,0.0
latitude_no_abs,30,Conv,LSTM_Third,434639843669.0,0.0
latitude_no_abs,30,Conv,LSTM_Twice,475628027971.0,0.0
latitude_no_abs,30,Conv,RNN_Linear,518447550548.0,5.46102656248883e-16
latitude_no_abs,30,Conv,RNN_Reference,482637831415.0,0.0
latitude_no_abs,30,Conv,RNN_Third,482759747183.0,0.0
latitude_no_abs,30,Conv,RNN_Twice,490309432282.0,0.0
latitude_no_abs,30,Conv,UniTS,516441819635.0,1.0837125370989539e-33
latitude_no_abs,3,Bi,Conv,528968554341.0,0.0
latitude_no_abs,3,Bi,actual,546400093727.0,0.0
latitude_no_abs,3,Bi,GRU_Att_1,523417341641.0,0.0
latitude_no_abs,3,Bi,GRU_Att_2,524697410325.0,0.0
latitude_no_abs,3,Bi,GRU_Att_3,535090799148.0,0.0
latitude_no_abs,3,Bi,GRU_Att_4,528205233131.0,0.0
latitude_no_abs,3,Bi,GRU_Linear,468306424897.0,0.0
latitude_no_abs,3,Bi,GRU_Reference,571237667372.0,2.9414882437624013e-64
latitude_no_abs,3,Bi,GRU_Third,432339722527.0,0.0
latitude_no_abs,3,Bi,GRU_Twice,474492568210.0,0.0
latitude_no_abs,3,Bi,LSTM_Linear,559200489894.0,0.0
latitude_no_abs,3,Bi,LSTM_Reference,469422992107.0,0.0
latitude_no_abs,3,Bi,LSTM_Third,533351394420.0,0.0
latitude_no_abs,3,Bi,LSTM_Twice,551944931110.0,0.0
latitude_no_abs,3,Bi,RNN_Linear,545559965796.0,0.0
latitude_no_abs,3,Bi,RNN_Reference,506172240202.0,0.0
latitude_no_abs,3,Bi,RNN_Third,549337142221.0,0.0
latitude_no_abs,3,Bi,RNN_Twice,475863687206.0,0.0
latitude_no_abs,3,Bi,UniTS,548083902377.0,0.0
latitude_no_abs,3,Conv,actual,481391667130.0,0.0
latitude_no_abs,3,Conv,GRU_Att_1,426439242349.0,0.0
latitude_no_abs,3,Conv,GRU_Att_2,435216084834.0,0.0
latitude_no_abs,3,Conv,GRU_Att_3,437044150691.0,0.0
latitude_no_abs,3,Conv,GRU_Att_4,426043219062.0,0.0
latitude_no_abs,3,Conv,GRU_Linear,488542556931.0,0.0
latitude_no_abs,3,Conv,GRU_Reference,554224544281.0,0.0
latitude_no_abs,3,Conv,GRU_Third,441111830060.0,0.0
latitude_no_abs,3,Conv,GRU_Twice,468853636931.0,0.0
latitude_no_abs,3,Conv,LSTM_Linear,542999059440.0,0.0
latitude_no_abs,3,Conv,LSTM_Reference,460656123286.5,0.0
latitude_no_abs,3,Conv,LSTM_Third,516368636928.0,0.0
latitude_no_abs,3,Conv,LSTM_Twice,522596986663.0,0.0
latitude_no_abs,3,Conv,RNN_Linear,539782089229.0,0.0
latitude_no_abs,3,Conv,RNN_Reference,509655367323.0,0.0
latitude_no_abs,3,Conv,RNN_Third,566239208715.0,1.6190056838937067e-150
latitude_no_abs,3,Conv,RNN_Twice,483040932573.0,0.0
latitude_no_abs,3,Conv,UniTS,512242682876.0,0.0
latitude_no_abs,4,Bi,Conv,440916382324.0,0.0
latitude_no_abs,4,Bi,actual,548983150086.0,0.0
latitude_no_abs,4,Bi,GRU_Att_1,539081082903.0,0.0
latitude_no_abs,4,Bi,GRU_Att_2,531280559741.0,0.0
latitude_no_abs,4,Bi,GRU_Att_3,536170386815.0,0.0
latitude_no_abs,4,Bi,GRU_Att_4,536141481390.0,0.0
latitude_no_abs,4,Bi,GRU_Linear,575640743583.0,3.179114514686362e-06
latitude_no_abs,4,Bi,GRU_Reference,486645063093.0,0.0
latitude_no_abs,4,Bi,GRU_Third,566572241196.0,1.0780706098860653e-101
latitude_no_abs,4,Bi,GRU_Twice,501496030556.0,0.0
latitude_no_abs,4,Bi,LSTM_Linear,513381163540.0,0.0
latitude_no_abs,4,Bi,LSTM_Reference,533080065795.0,0.0
latitude_no_abs,4,Bi,LSTM_Third,575793947031.0,1.2093168558106215e-05
latitude_no_abs,4,Bi,LSTM_Twice,552851423784.0,0.0
latitude_no_abs,4,Bi,RNN_Linear,553710643965.0,0.0
latitude_no_abs,4,Bi,RNN_Reference,428142829882.0,0.0
latitude_no_abs,4,Bi,RNN_Third,521153815838.0,0.0
latitude_no_abs,4,Bi,RNN_Twice,484394126387.0,0.0
latitude_no_abs,4,Bi,UniTS,560379318881.0,1.161273451302191e-236
latitude_no_abs,4,Conv,actual,510536807685.0,0.0
latitude_no_abs,4,Conv,GRU_Att_1,469228005572.0,0.0
latitude_no_abs,4,Conv,GRU_Att_2,482869039573.0,0.0
latitude_no_abs,4,Conv,GRU_Att_3,479763705886.0,0.0
latitude_no_abs,4,Conv,GRU_Att_4,468261496832.0,0.0
latitude_no_abs,4,Conv,GRU_Linear,504053670898.0,0.0
latitude_no_abs,4,Conv,GRU_Reference,426645559480.0,0.0
latitude_no_abs,4,Conv,GRU_Third,532177608574.0,0.0
latitude_no_abs,4,Conv,GRU_Twice,566532697060.0,2.2429837393529394e-102
latitude_no_abs,4,Conv,LSTM_Linear,437596006524.0,0.0
latitude_no_abs,4,Conv,LSTM_Reference,560117157600.0,1.256302962281079e-243
latitude_no_abs,4,Conv,LSTM_Third,519246347519.0,0.0
latitude_no_abs,4,Conv,LSTM_Twice,561869301441.0,5.279273059889368e-199
latitude_no_abs,4,Conv,RNN_Linear,570405607315.0,1.4396229075997773e-46
latitude_no_abs,4,Conv,RNN_Reference,480409274649.0,0.0
latitude_no_abs,4,Conv,RNN_Third,569635976509.5,6.787339790401943e-56
latitude_no_abs,4,Conv,RNN_Twice,467526736995.0,0.0
latitude_no_abs,4,Conv,UniTS,533704134908.0,0.0
latitude_no_abs,5,Bi,Conv,512838011798.0,0.0
latitude_no_abs,5,Bi,actual,526130654702.0,0.0
latitude_no_abs,5,Bi,GRU_Att_1,507533180329.0,0.0
latitude_no_abs,5,Bi,GRU_Att_2,508245817481.0,0.0
latitude_no_abs,5,Bi,GRU_Att_3,499878199300.0,0.0
latitude_no_abs,5,Bi,GRU_Att_4,503683921552.0,0.0
latitude_no_abs,5,Bi,GRU_Linear,496956582663.0,0.0
latitude_no_abs,5,Bi,GRU_Reference,404974177974.0,0.0
latitude_no_abs,5,Bi,GRU_Third,569901131773.0,2.661524331532406e-29
latitude_no_abs,5,Bi,GRU_Twice,438713056938.0,0.0
latitude_no_abs,5,Bi,LSTM_Linear,447738203324.0,0.0
latitude_no_abs,5,Bi,LSTM_Reference,463344357486.0,0.0
latitude_no_abs,5,Bi,LSTM_Third,563159418212.0,1.924464090129594e-124
latitude_no_abs,5,Bi,LSTM_Twice,466032164580.0,0.0
latitude_no_abs,5,Bi,RNN_Linear,535709491300.0,0.0
latitude_no_abs,5,Bi,RNN_Reference,430049177996.0,0.0
latitude_no_abs,5,Bi,RNN_Third,484699746135.0,0.0
latitude_no_abs,5,Bi,RNN_Twice,534914686750.0,0.0
latitude_no_abs,5,Bi,UniTS,542291197430.0,0.0
latitude_no_abs,5,Conv,actual,571429518983.0,4.22570800923332e-17
latitude_no_abs,5,Conv,GRU_Att_1,573229509979.0,3.935281529716287e-07
latitude_no_abs,5,Conv,GRU_Att_2,570932083680.0,1.0795305430220047e-20
latitude_no_abs,5,Conv,GRU_Att_3,574080662867.0,0.00047345551363993745
latitude_no_abs,5,Conv,GRU_Att_4,571909310640.0,5.576153877796755e-14
latitude_no_abs,5,Conv,GRU_Linear,517789879940.0,0.0
latitude_no_abs,5,Conv,GRU_Reference,434350429995.0,0.0
latitude_no_abs,5,Conv,GRU_Third,552572228492.0,0.0
latitude_no_abs,5,Conv,GRU_Twice,488545853228.0,0.0
latitude_no_abs,5,Conv,LSTM_Linear,480650912879.0,0.0
latitude_no_abs,5,Conv,LSTM_Reference,501472243298.0,0.0
latitude_no_abs,5,Conv,LSTM_Third,538460406273.0,0.0
latitude_no_abs,5,Conv,LSTM_Twice,490284661311.0,0.0
latitude_no_abs,5,Conv,RNN_Linear,504287897360.0,0.0
latitude_no_abs,5,Conv,RNN_Reference,450796466516.0,0.0
latitude_no_abs,5,Conv,RNN_Third,518800243104.0,0.0
latitude_no_abs,5,Conv,RNN_Twice,548545141503.0,0.0
latitude_no_abs,5,Conv,UniTS,570587414129.0,2.137974997699543e-23
longitude_no_abs,10,Bi,Conv,555161932479.5,5.074363103625119e-77
longitude_no_abs,10,Bi,actual,548458812380.0,1.718047884428198e-213
longitude_no_abs,10,Bi,GRU_Att_1,547784697218.0,5.157101489952758e-231
longitude_no_abs,10,Bi,GRU_Att_2,563734327337.0,0.01319061125724356
longitude_no_abs,10,Bi,GRU_Att_3,548475306924.0,4.5191824862329796e-213
longitude_no_abs,10,Bi,GRU_Att_4,552881148217.0,8.407179878884479e-116
longitude_no_abs,10,Bi,GRU_Linear,534908136265.0,0.0
longitude_no_abs,10,Bi,GRU_Reference,560329197967.0,6.832915295513005e-19
longitude_no_abs,10,Bi,GRU_Third,532349366421.0,0.0
longitude_no_abs,10,Bi,GRU_Twice,540598129353.0,0.0
longitude_no_abs,10,Bi,LSTM_Linear,476283507796.0,0.0
longitude_no_abs,10,Bi,LSTM_Reference,558724595448.0,1.2871414410063709e-32
longitude_no_abs,10,Bi,LSTM_Third,531366752400.0,0.0
longitude_no_abs,10,Bi,LSTM_Twice,556671138815.0,6.665296768063799e-56
longitude_no_abs,10,Bi,RNN_Linear,512294844044.0,0.0
longitude_no_abs,10,Bi,RNN_Reference,447645569428.0,0.0
longitude_no_abs,10,Bi,RNN_Third,560852144656.0,2.9066821128414266e-15
longitude_no_abs,10,Bi,RNN_Twice,471045701195.0,0.0
longitude_no_abs,10,Bi,UniTS,564674518511.0,0.4766188871519047
longitude_no_abs,10,Conv,actual,550932478349.0,3.713629594316328e-155
longitude_no_abs,10,Conv,GRU_Att_1,560234252114.0,1.3531334052204926e-19
longitude_no_abs,10,Conv,GRU_Att_2,554727155205.0,6.991424099531326e-84
longitude_no_abs,10,Conv,GRU_Att_3,557321775942.0,7.913621911418153e-48
longitude_no_abs,10,Conv,GRU_Att_4,550155484679.0,1.8038538928714253e-172
longitude_no_abs,10,Conv,GRU_Linear,562798863374.0,2.2700302629371723e-05
longitude_no_abs,10,Conv,GRU_Reference,562026100824.0,1.2799389583887803e-08
longitude_no_abs,10,Conv,GRU_Third,541989348761.5,0.0
longitude_no_abs,10,Conv,GRU_Twice,564618123320.0,0.413511172932405
longitude_no_abs,10,Conv,LSTM_Linear,503359293957.0,0.0
longitude_no_abs,10,Conv,LSTM_Reference,556890833927.0,4.193553252748059e-53
longitude_no_abs,10,Conv,LSTM_Third,538768720421.0,0.0
longitude_no_abs,10,Conv,LSTM_Twice,556335203870.0,2.5215277021284755e-60
longitude_no_abs,10,Conv,RNN_Linear,531727081092.0,0.0
longitude_no_abs,10,Conv,RNN_Reference,494142308945.0,0.0
longitude_no_abs,10,Conv,RNN_Third,545613757437.0,3.5469128229132004e-292
longitude_no_abs,10,Conv,RNN_Twice,513019515263.0,0.0
longitude_no_abs,10,Conv,UniTS,556582197500.0,4.675222876715652e-57
longitude_no_abs,20,Bi,Conv,517007530504.0,0.0
longitude_no_abs,20,Bi,actual,542536347263.0,0.3470940023253879
longitude_no_abs,20,Bi,GRU_Att_1,527745828400.0,2.999169827722466e-192
longitude_no_abs,20,Bi,GRU_Att_2,536704303577.0,2.1026612002683144e-34
longitude_no_abs,20,Bi,GRU_Att_3,512109432238.0,0.0
longitude_no_abs,20,Bi,GRU_Att_4,503159488172.0,0.0
longitude_no_abs,20,Bi,GRU_Linear,517264745577.0,0.0
longitude_no_abs,20,Bi,GRU_Reference,500343247701.0,0.0
longitude_no_abs,20,Bi,GRU_Third,540740116636.0,9.963622152718081e-06
longitude_no_abs,20,Bi,GRU_Twice,386725593461.0,0.0
longitude_no_abs,20,Bi,LSTM_Linear,518822312308.0,0.0
longitude_no_abs,20,Bi,LSTM_Reference,518454672200.0,0.0
longitude_no_abs,20,Bi,LSTM_Third,487710892090.0,0.0
longitude_no_abs,20,Bi,LSTM_Twice,528053174498.0,1.1282245195503009e-184
longitude_no_abs,20,Bi,RNN_Linear,524842886954.0,2.2281335540627224e-271
longitude_no_abs,20,Bi,RNN_Reference,447535315124.0,0.0
longitude_no_abs,20,Bi,RNN_Third,504633167789.0,0.0
longitude_no_abs,20,Bi,RNN_Twice,422318482332.0,0.0
longitude_no_abs,20,Bi,UniTS,535000592763.0,2.1610870663904618e-54
longitude_no_abs,20,Conv,actual,526870794048.0,1.1698215520962096e-214
longitude_no_abs,20,Conv,GRU_Att_1,520092847615.0,0.0
longitude_no_abs,20,Conv,GRU_Att_2,521120649407.0,0.0
longitude_no_abs,20,Conv,GRU_Att_3,536299184251.0,9.904594557946133e-39
longitude_no_abs,20,Conv,GRU_Att_4,535111055324.0,5.932072242711392e-53
longitude_no_abs,20,Conv,GRU_Linear,512011590571.0,0.0
longitude_no_abs,20,Conv,GRU_Reference,508447748729.0,0.0
longitude_no_abs,20,Conv,GRU_Third,524365755933.0,1.0729994958027896e-285
longitude_no_abs,20,Conv,GRU_Twice,425876604732.0,0.0
longitude_no_abs,20,Conv,LSTM_Linear,541551393639.0,0.004410139704564737
longitude_no_abs,20,Conv,LSTM_Reference,542315399065.0,0.1713047417067699
longitude_no_abs,20,Conv,LSTM_Third,526909549477.0,1.2217064596950298e-213
longitude_no_abs,20,Conv,LSTM_Twice,533993950852.0,2.0580680467211965e-68
longitude_no_abs,20,Conv,RNN_Linear,516407539613.0,0.0
longitude_no_abs,20,Conv,RNN_Reference,503144850216.0,0.0
longitude_no_abs,20,Conv,RNN_Third,535705720021.0,1.5051483503003988e-45
longitude_no_abs,20,Conv,RNN_Twice,488671637192.0,0.0
longitude_no_abs,20,Conv,UniTS,533416669555.0,3.395231047336829e-77
longitude_no_abs,2,Bi,Conv,450408546953.0,0.0
longitude_no_abs,2,Bi,actual,550271351544.5,0.0
longitude_no_abs,2,Bi,GRU_Att_1,533823193306.5,0.0
longitude_no_abs,2,Bi,GRU_Att_2,536569987404.0,0.0
longitude_no_abs,2,Bi,GRU_Att_3,536120415984.0,0.0
longitude_no_abs,2,Bi,GRU_Att_4,533772565299.5,0.0
longitude_no_abs,2,Bi,GRU_Linear,413863747762.0,0.0
longitude_no_abs,2,Bi,GRU_Reference,564204256786.0,6.225869565375146e-248
longitude_no_abs,2,Bi,GRU_Third,388921097964.0,0.0
longitude_no_abs,2,Bi,GRU_Twice,498930730348.0,0.0
longitude_no_abs,2,Bi,LSTM_Linear,571726466633.0,2.3218072530449963e-87
longitude_no_abs,2,Bi,LSTM_Reference,535421640118.0,0.0
longitude_no_abs,2,Bi,LSTM_Third,517443496427.0,0.0
longitude_no_abs,2,Bi,LSTM_Twice,581131025039.0,0.011147559948827745
longitude_no_abs,2,Bi,RNN_Linear,457017729194.0,0.0
longitude_no_abs,2,Bi,RNN_Reference,578841880663.0,1.553796670396578e-11
longitude_no_abs,2,Bi,RNN_Third,487807145475.0,0.0
longitude_no_abs,2,Bi,RNN_Twice,513054282258.0,0.0
longitude_no_abs,2,Bi,UniTS,560777924359.0,0.0
longitude_no_abs,2,Conv,actual,537456102935.0,0.0
longitude_no_abs,2,Conv,GRU_Att_1,506669522474.5,0.0
longitude_no_abs,2,Conv,GRU_Att_2,512361444004.0,0.0
longitude_no_abs,2,Conv,GRU_Att_3,514679642839.0,0.0
longitude_no_abs,2,Conv,GRU_Att_4,509300369860.5,0.0
longitude_no_abs,2,Conv,GRU_Linear,493089327965.0,0.0
longitude_no_abs,2,Conv,GRU_Reference,495457947869.0,0.0
longitude_no_abs,2,Conv,GRU_Third,468905763746.0,0.0
longitude_no_abs,2,Conv,GRU_Twice,559801203202.0,0.0
longitude_no_abs,2,Conv,LSTM_Linear,558154462599.0,0.0
longitude_no_abs,2,Conv,LSTM_Reference,577554080295.0,8.372798267498626e-20
longitude_no_abs,2,Conv,LSTM_Third,579202489519.0,1.1987490177226314e-09
longitude_no_abs,2,Conv,LSTM_Twice,554325894357.0,0.0
longitude_no_abs,2,Conv,RNN_Linear,481114164448.0,0.0
longitude_no_abs,2,Conv,RNN_Reference,561846978447.0,0.0
longitude_no_abs,2,Conv,RNN_Third,539970857960.0,0.0
longitude_no_abs,2,Conv,RNN_Twice,499772008736.0,0.0
longitude_no_abs,2,Conv,UniTS,552788320373.0,0.0
longitude_no_abs,30,Bi,Conv,495903340275.0,0.0
longitude_no_abs,30,Bi,actual,507176774558.0,3.9577969650731637e-205
longitude_no_abs,30,Bi,GRU_Att_1,469483602713.0,0.0
longitude_no_abs,30,Bi,GRU_Att_2,493363388699.0,0.0
longitude_no_abs,30,Bi,GRU_Att_3,482868747932.0,0.0
longitude_no_abs,30,Bi,GRU_Att_4,496738436561.0,0.0
longitude_no_abs,30,Bi,GRU_Linear,368587272993.0,0.0
longitude_no_abs,30,Bi,GRU_Reference,498814867200.0,0.0
longitude_no_abs,30,Bi,GRU_Third,462214602622.0,0.0
longitude_no_abs,30,Bi,GRU_Twice,432615679281.0,0.0
longitude_no_abs,30,Bi,LSTM_Linear,443217009000.0,0.0
longitude_no_abs,30,Bi,LSTM_Reference,466859822923.0,0.0
longitude_no_abs,30,Bi,LSTM_Third,507799354655.0,5.606900795286142e-189
longitude_no_abs,30,Bi,LSTM_Twice,468270208690.0,0.0
longitude_no_abs,30,Bi,RNN_Linear,468848310708.0,0.0
longitude_no_abs,30,Bi,RNN_Reference,487704382307.0,0.0
longitude_no_abs,30,Bi,RNN_Third,508878413442.0,1.4473332141038656e-162
longitude_no_abs,30,Bi,RNN_Twice,455400389496.0,0.0
longitude_no_abs,30,Bi,UniTS,515562601272.0,1.2716553430148228e-43
longitude_no_abs,30,Conv,actual,503366771041.0,0.0
longitude_no_abs,30,Conv,GRU_Att_1,420315740230.0,0.0
longitude_no_abs,30,Conv,GRU_Att_2,481753311854.0,0.0
longitude_no_abs,30,Conv,GRU_Att_3,461108682326.0,0.0
longitude_no_abs,30,Conv,GRU_Att_4,470722826163.0,0.0
longitude_no_abs,30,Conv,GRU_Linear,413667198836.0,0.0
longitude_no_abs,30,Conv,GRU_Reference,493648702071.0,0.0
longitude_no_abs,30,Conv,GRU_Third,458662605161.0,0.0
longitude_no_abs,30,Conv,GRU_Twice,440910129334.0,0.0
longitude_no_abs,30,Conv,LSTM_Linear,437115212076.0,0.0
longitude_no_abs,30,Conv,LSTM_Reference,464467287496.0,0.0
longitude_no_abs,30,Conv,LSTM_Third,514107825026.0,5.742451568434276e-63
longitude_no_abs,30,Conv,LSTM_Twice,459028460390.0,0.0
longitude_no_abs,30,Conv,RNN_Linear,492909603495.0,0.0
longitude_no_abs,30,Conv,RNN_Reference,509601707044.0,5.516956738306732e-146
longitude_no_abs,30,Conv,RNN_Third,503530996122.0,0.0
longitude_no_abs,30,Conv,RNN_Twice,475758602173.0,0.0
longitude_no_abs,30,Conv,UniTS,507634839432.0,3.5132267979530297e-193
longitude_no_abs,3,Bi,Conv,546267421370.0,0.0
longitude_no_abs,3,Bi,actual,554186057879.5,0.0
longitude_no_abs,3,Bi,GRU_Att_1,542982752452.5,0.0
longitude_no_abs,3,Bi,GRU_Att_2,549641919630.5,0.0
longitude_no_abs,3,Bi,GRU_Att_3,545832381029.5,0.0
longitude_no_abs,3,Bi,GRU_Att_4,540908703586.5,0.0
longitude_no_abs,3,Bi,GRU_Linear,558296599610.0,0.0
longitude_no_abs,3,Bi,GRU_Reference,422148785583.0,0.0
longitude_no_abs,3,Bi,GRU_Third,489099731236.0,0.0
longitude_no_abs,3,Bi,GRU_Twice,563442601504.0,8.267847895659932e-215
longitude_no_abs,3,Bi,LSTM_Linear,547639974665.0,0.0
longitude_no_abs,3,Bi,LSTM_Reference,445359676345.0,0.0
longitude_no_abs,3,Bi,LSTM_Third,555582646707.0,0.0
longitude_no_abs,3,Bi,LSTM_Twice,508319758402.0,0.0
longitude_no_abs,3,Bi,RNN_Linear,492652532365.0,0.0
longitude_no_abs,3,Bi,RNN_Reference,487917241765.0,0.0
longitude_no_abs,3,Bi,RNN_Third,578575122680.0,0.0006468871908621547
longitude_no_abs,3,Bi,RNN_Twice,564681430341.0,6.559796695143361e-185
longitude_no_abs,3,Bi,UniTS,554288774365.0,0.0
longitude_no_abs,3,Conv,actual,525733333320.0,0.0
longitude_no_abs,3,Conv,GRU_Att_1,497927170479.0,0.0
longitude_no_abs,3,Conv,GRU_Att_2,505797345722.0,0.0
longitude_no_abs,3,Conv,GRU_Att_3,501311603202.0,0.0
longitude_no_abs,3,Conv,GRU_Att_4,496604955838.0,0.0
longitude_no_abs,3,Conv,GRU_Linear,563635816315.0,5.3621609468147305e-210
longitude_no_abs,3,Conv,GRU_Reference,441792046757.0,0.0
longitude_no_abs,3,Conv,GRU_Third,526654315987.0,0.0
longitude_no_abs,3,Conv,GRU_Twice,522174440861.0,0.0
longitude_no_abs,3,Conv,LSTM_Linear,516755325482.0,0.0
longitude_no_abs,3,Conv,LSTM_Reference,426727931655.0,0.0
longitude_no_abs,3,Conv,LSTM_Third,533948199960.0,0.0
longitude_no_abs,3,Conv,LSTM_Twice,512020398497.0,0.0
longitude_no_abs,3,Conv,RNN_Linear,497482604013.0,0.0
longitude_no_abs,3,Conv,RNN_Reference,462285728542.0,0.0
longitude_no_abs,3,Conv,RNN_Third,548492483833.0,0.0
longitude_no_abs,3,Conv,RNN_Twice,575613556995.0,7.604637360267063e-19
longitude_no_abs,3,Conv,UniTS,534841817791.0,0.0
longitude_no_abs,4,Bi,Conv,577466064449.5,0.2024582834346852
longitude_no_abs,4,Bi,actual,576964146540.5,0.026805499629861358
longitude_no_abs,4,Bi,GRU_Att_1,576592450785.0,0.003720623182765654
longitude_no_abs,4,Bi,GRU_Att_2,572067322407.5,2.0763371555804325e-29
longitude_no_abs,4,Bi,GRU_Att_3,576186038838.0,0.00026057165357383456
longitude_no_abs,4,Bi,GRU_Att_4,571447560791.0,2.4724826295052965e-35
longitude_no_abs,4,Bi,GRU_Linear,539392803473.5,0.0
longitude_no_abs,4,Bi,GRU_Reference,463261451150.0,0.0
longitude_no_abs,4,Bi,GRU_Third,544400409381.0,0.0
longitude_no_abs,4,Bi,GRU_Twice,557628866022.0,0.0
longitude_no_abs,4,Bi,LSTM_Linear,525964165990.0,0.0
longitude_no_abs,4,Bi,LSTM_Reference,454084702933.0,0.0
longitude_no_abs,4,Bi,LSTM_Third,527040615312.0,0.0
longitude_no_abs,4,Bi,LSTM_Twice,567293773330.0,1.1677970527452836e-89
longitude_no_abs,4,Bi,RNN_Linear,565076551783.0,4.2998318505024405e-129
longitude_no_abs,4,Bi,RNN_Reference,561914178515.0,6.394555001516831e-198
longitude_no_abs,4,Bi,RNN_Third,446919207084.0,0.0
longitude_no_abs,4,Bi,RNN_Twice,568747352410.0,9.454776885864168e-68
longitude_no_abs,4,Bi,UniTS,569960155807.0,7.357105384789233e-52
longitude_no_abs,4,Conv,actual,564095082642.0,7.1767296484892035e-149
longitude_no_abs,4,Conv,GRU_Att_1,559775876311.0,7.559962288980256e-253
longitude_no_abs,4,Conv,GRU_Att_2,564013976310.0,1.4381435390488344e-150
longitude_no_abs,4,Conv,GRU_Att_3,559813184550.5,7.850385721858805e-252
longitude_no_abs,4,Conv,GRU_Att_4,560437250739.5,3.894975633935977e-235
longitude_no_abs,4,Conv,GRU_Linear,563409098244.0,1.5362554404403852e-163
longitude_no_abs,4,Conv,GRU_Reference,492599093590.0,0.0
longitude_no_abs,4,Conv,GRU_Third,577503610321.0,0.22327918306018923
longitude_no_abs,4,Conv,GRU_Twice,577107018384.0,0.05112497351466453
longitude_no_abs,4,Conv,LSTM_Linear,549636070648.0,0.0
longitude_no_abs,4,Conv,LSTM_Reference,469429435014.0,0.0
longitude_no_abs,4,Conv,LSTM_Third,526897131921.0,0.0
longitude_no_abs,4,Conv,LSTM_Twice,558634935862.0,6.327037019641565e-285
longitude_no_abs,4,Conv,RNN_Linear,551834182246.5,0.0
longitude_no_abs,4,Conv,RNN_Reference,560915761935.0,1.0035711376622881e-222
longitude_no_abs,4,Conv,RNN_Third,456097903901.0,0.0
longitude_no_abs,4,Conv,RNN_Twice,568626614418.0,1.8826803483174159e-69
longitude_no_abs,4,Conv,UniTS,560619533679.0,2.2819612704498598e-230
longitude_no_abs,5,Bi,Conv,537713835613.0,0.0
longitude_no_abs,5,Bi,actual,572801641227.5,4.500305946960896e-09
longitude_no_abs,5,Bi,GRU_Att_1,560176506395.5,4.2182804228553986e-188
longitude_no_abs,5,Bi,GRU_Att_2,574046733633.5,0.0003734137281221808
longitude_no_abs,5,Bi,GRU_Att_3,563151515907.0,1.3588013507028528e-124
longitude_no_abs,5,Bi,GRU_Att_4,570827981807.0,1.718851586841576e-21
longitude_no_abs,5,Bi,GRU_Linear,539982030240.0,0.0
longitude_no_abs,5,Bi,GRU_Reference,539922634673.0,0.0
longitude_no_abs,5,Bi,GRU_Third,530834488657.0,0.0
longitude_no_abs,5,Bi,GRU_Twice,557779128012.0,7.279658471422033e-249
longitude_no_abs,5,Bi,LSTM_Linear,541077054720.0,0.0
longitude_no_abs,5,Bi,LSTM_Reference,532171140977.0,0.0
longitude_no_abs,5,Bi,LSTM_Third,560518307606.0,3.902883095520721e-180
longitude_no_abs,5,Bi,LSTM_Twice,454443012083.0,0.0
longitude_no_abs,5,Bi,RNN_Linear,447469341006.0,0.0
longitude_no_abs,5,Bi,RNN_Reference,537060834370.0,0.0
longitude_no_abs,5,Bi,RNN_Third,550485817900.0,0.0
longitude_no_abs,5,Bi,RNN_Twice,496819064986.0,0.0
longitude_no_abs,5,Bi,UniTS,562922598937.0,5.177829627154605e-129
longitude_no_abs,5,Conv,actual,568387035398.0,8.561684668881077e-45
longitude_no_abs,5,Conv,GRU_Att_1,574918288117.0,0.051934006499454274
longitude_no_abs,5,Conv,GRU_Att_2,564690399909.0,6.552442257807009e-97
longitude_no_abs,5,Conv,GRU_Att_3,575621916481.0,0.522015204484821
longitude_no_abs,5,Conv,GRU_Att_4,571527329618.5,1.947507037001305e-16
longitude_no_abs,5,Conv,GRU_Linear,546210511316.0,0.0
longitude_no_abs,5,Conv,GRU_Reference,566822152002.0,2.2279924158815347e-64
longitude_no_abs,5,Conv,GRU_Third,575609293884.0,0.5069304277541802
longitude_no_abs,5,Conv,GRU_Twice,555077755290.0,0.0
longitude_no_abs,5,Conv,LSTM_Linear,546945776003.0,0.0
longitude_no_abs,5,Conv,LSTM_Reference,524192875722.0,0.0
longitude_no_abs,5,Conv,LSTM_Third,562704009852.0,2.640833816467952e-133
longitude_no_abs,5,Conv,LSTM_Twice,516870336796.0,0.0
longitude_no_abs,5,Conv,RNN_Linear,534382010193.0,0.0
longitude_no_abs,5,Conv,RNN_Reference,575766511734.0,0.7096052879365913
longitude_no_abs,5,Conv,RNN_Third,563457475706.0,8.273064108871621e-119
longitude_no_abs,5,Conv,RNN_Twice,496316929263.0,0.0
longitude_no_abs,5,Conv,UniTS,573791787911.0,5.56657377225299e-05
speed,10,Bi,Conv,500705424661.5,0.0
speed,10,Bi,actual,515292349987.5,0.0
speed,10,Bi,GRU_Att_1,423925168127.5,0.0
speed,10,Bi,GRU_Att_2,421379416346.5,0.0
speed,10,Bi,GRU_Att_3,427955096046.5,0.0
speed,10,Bi,GRU_Att_4,438470954597.0,0.0
speed,10,Bi,GRU_Linear,514176955177.5,0.0
speed,10,Bi,GRU_Reference,773794.0,0.0
speed,10,Bi,GRU_Third,773794.0,0.0
speed,10,Bi,GRU_Twice,773794.0,0.0
speed,10,Bi,LSTM_Linear,491213706037.5,0.0
speed,10,Bi,LSTM_Reference,773794.0,0.0
speed,10,Bi,LSTM_Third,773794.0,0.0
speed,10,Bi,LSTM_Twice,773794.0,0.0
speed,10,Bi,RNN_Linear,559456250042.0,8.637722128826558e-44
speed,10,Bi,RNN_Reference,773794.0,0.0
speed,10,Bi,RNN_Third,773794.0,0.0
speed,10,Bi,RNN_Twice,773794.0,0.0
speed,10,Bi,UniTS,527083223984.0,0.0
speed,10,Conv,actual,537480401825.0,0.0
speed,10,Conv,GRU_Att_1,451730352538.0,0.0
speed,10,Conv,GRU_Att_2,449028233483.0,0.0
speed,10,Conv,GRU_Att_3,453624964030.0,0.0
speed,10,Conv,GRU_Att_4,462105718398.0,0.0
speed,10,Conv,GRU_Linear,564292288359.5,1.4980237540183394e-06
speed,10,Conv,GRU_Reference,4910279.0,0.0
speed,10,Conv,GRU_Third,4910279.0,0.0
speed,10,Conv,GRU_Twice,4910279.0,0.0
speed,10,Conv,LSTM_Linear,563983522379.5,7.031942653635519e-08
speed,10,Conv,LSTM_Reference,4910279.0,0.0
speed,10,Conv,LSTM_Third,4910279.0,0.0
speed,10,Conv,LSTM_Twice,4910279.0,0.0
speed,10,Conv,RNN_Linear,500781229577.5,0.0
speed,10,Conv,RNN_Reference,4910279.0,0.0
speed,10,Conv,RNN_Third,4910279.0,0.0
speed,10,Conv,RNN_Twice,4910279.0,0.0
speed,10,Conv,UniTS,541971368568.0,0.0
speed,20,Bi,Conv,476757377727.0,0.0
speed,20,Bi,actual,515179258671.0,0.0
speed,20,Bi,GRU_Att_1,461765487760.0,0.0
speed,20,Bi,GRU_Att_2,453420923635.5,0.0
speed,20,Bi,GRU_Att_3,461895987946.5,0.0
speed,20,Bi,GRU_Att_4,466168294742.0,0.0
speed,20,Bi,GRU_Linear,498663789777.0,0.0
speed,20,Bi,GRU_Reference,2687809.0,0.0
speed,20,Bi,GRU_Third,2687809.0,0.0
speed,20,Bi,GRU_Twice,2687809.0,0.0
speed,20,Bi,LSTM_Linear,534079084151.5,7.627009347039008e-94
speed,20,Bi,LSTM_Reference,2687809.0,0.0
speed,20,Bi,LSTM_Third,2687809.0,0.0
speed,20,Bi,LSTM_Twice,2687809.0,0.0
speed,20,Bi,RNN_Linear,520052607111.5,0.0
speed,20,Bi,RNN_Reference,2687809.0,0.0
speed,20,Bi,RNN_Third,2687809.0,0.0
speed,20,Bi,RNN_Twice,2687809.0,0.0
speed,20,Bi,UniTS,524628158407.0,0.0
speed,20,Conv,actual,502828158823.0,0.0
speed,20,Conv,GRU_Att_1,441293476928.0,0.0
speed,20,Conv,GRU_Att_2,432673556805.0,0.0
speed,20,Conv,GRU_Att_3,441742101947.0,0.0
speed,20,Conv,GRU_Att_4,443544860087.5,0.0
speed,20,Conv,GRU_Linear,533226710600.0,3.6811436106545007e-109
speed,20,Conv,GRU_Reference,1097839.0,0.0
speed,20,Conv,GRU_Third,1097839.0,0.0
speed,20,Conv,GRU_Twice,1097839.0,0.0
speed,20,Conv,LSTM_Linear,478020566703.5,0.0
speed,20,Conv,LSTM_Reference,1097839.0,0.0
speed,20,Conv,LSTM_Third,1097839.0,0.0
speed,20,Conv,LSTM_Twice,1097839.0,0.0
speed,20,Conv,RNN_Linear,514587464061.5,0.0
speed,20,Conv,RNN_Reference,1097839.0,0.0
speed,20,Conv,RNN_Third,1097839.0,0.0
speed,20,Conv,RNN_Twice,1097839.0,0.0
speed,20,Conv,UniTS,511795065436.0,0.0
speed,2,Bi,Conv,554693903257.5,0.0
speed,2,Bi,actual,563555378513.5,0.0
speed,2,Bi,GRU_Att_1,500159320448.5,0.0
speed,2,Bi,GRU_Att_2,511114580170.5,0.0
speed,2,Bi,GRU_Att_3,508583883392.0,0.0
speed,2,Bi,GRU_Att_4,515356370403.0,0.0
speed,2,Bi,GRU_Linear,494059683228.0,0.0
speed,2,Bi,GRU_Reference,20890241.0,0.0
speed,2,Bi,GRU_Third,20953759.0,0.0
speed,2,Bi,GRU_Twice,20964970.0,0.0
speed,2,Bi,LSTM_Linear,498103478330.0,0.0
speed,2,Bi,LSTM_Reference,20960020.0,0.0
speed,2,Bi,LSTM_Third,20968357.0,0.0
speed,2,Bi,LSTM_Twice,19982854.0,0.0
speed,2,Bi,RNN_Linear,579645189788.0,1.5566736927892269e-16
speed,2,Bi,RNN_Reference,19903123.0,0.0
speed,2,Bi,RNN_Third,20968357.0,0.0
speed,2,Bi,RNN_Twice,20968357.0,0.0
speed,2,Bi,UniTS,549254437933.0,0.0
speed,2,Conv,actual,559352077084.0,0.0
speed,2,Conv,GRU_Att_1,471645329586.0,0.0
speed,2,Conv,GRU_Att_2,485300544628.0,0.0
speed,2,Conv,GRU_Att_3,487128379194.0,0.0
speed,2,Conv,GRU_Att_4,486224436984.5,0.0
speed,2,Conv,GRU_Linear,479648696597.0,0.0
speed,2,Conv,GRU_Reference,108120349.0,0.0
speed,2,Conv,GRU_Third,108185787.0,0.0
speed,2,Conv,GRU_Twice,108242154.0,0.0
speed,2,Conv,LSTM_Linear,460030581124.5,0.0
speed,2,Conv,LSTM_Reference,108213964.0,0.0
speed,2,Conv,LSTM_Third,108246289.0,0.0
speed,2,Conv,LSTM_Twice,103835412.0,0.0
speed,2,Conv,RNN_Linear,554525346811.5,0.0
speed,2,Conv,RNN_Reference,103347278.0,0.0
speed,2,Conv,RNN_Third,108246523.0,0.0
speed,2,Conv,RNN_Twice,108243376.0,0.0
speed,2,Conv,UniTS,548222328658.0,0.0
speed,30,Bi,Conv,477839767446.5,0.0
speed,30,Bi,actual,488354247947.5,0.0
speed,30,Bi,GRU_Att_1,438408746823.5,0.0
speed,30,Bi,GRU_Att_2,431117575932.5,0.0
speed,30,Bi,GRU_Att_3,447706611174.0,0.0
speed,30,Bi,GRU_Att_4,449296254143.0,0.0
speed,30,Bi,GRU_Linear,512448993926.0,1.6214411600310487e-119
speed,30,Bi,GRU_Reference,954420.0,0.0
speed,30,Bi,GRU_Third,954420.0,0.0
speed,30,Bi,GRU_Twice,954420.0,0.0
speed,30,Bi,LSTM_Linear,506709564394.5,3.6894617808690376e-263
speed,30,Bi,LSTM_Reference,954420.0,0.0
speed,30,Bi,LSTM_Third,954420.0,0.0
speed,30,Bi,LSTM_Twice,954420.0,0.0
speed,30,Bi,RNN_Linear,463443525843.5,0.0
speed,30,Bi,RNN_Reference,954420.0,0.0
speed,30,Bi,RNN_Third,954420.0,0.0
speed,30,Bi,RNN_Twice,954420.0,0.0
speed,30,Bi,UniTS,494644086031.0,0.0
speed,30,Conv,actual,502175649710.0,0.0
speed,30,Conv,GRU_Att_1,456589461115.5,0.0
speed,30,Conv,GRU_Att_2,446555583532.5,0.0
speed,30,Conv,GRU_Att_3,462601115993.0,0.0
speed,30,Conv,GRU_Att_4,463370937512.5,0.0
speed,30,Conv,GRU_Linear,503501385895.0,0.0
speed,30,Conv,GRU_Reference,1813631.0,0.0
speed,30,Conv,GRU_Third,1813631.0,0.0
speed,30,Conv,GRU_Twice,1813631.0,0.0
speed,30,Conv,LSTM_Linear,494976767847.0,0.0
speed,30,Conv,LSTM_Reference,1813631.0,0.0
speed,30,Conv,LSTM_Third,1813631.0,0.0
speed,30,Conv,LSTM_Twice,1813631.0,0.0
speed,30,Conv,RNN_Linear,504238877396.5,0.0
speed,30,Conv,RNN_Reference,1813631.0,0.0
speed,30,Conv,RNN_Third,1813631.0,0.0
speed,30,Conv,RNN_Twice,1813631.0,0.0
speed,30,Conv,UniTS,504802017644.0,0.0
speed,3,Bi,Conv,514127900653.0,0.0
speed,3,Bi,actual,533361626846.0,0.0
speed,3,Bi,GRU_Att_1,460815291295.0,0.0
speed,3,Bi,GRU_Att_2,442623982628.5,0.0
speed,3,Bi,GRU_Att_3,464693226437.5,0.0
speed,3,Bi,GRU_Att_4,482351177645.0,0.0
speed,3,Bi,GRU_Linear,568510034795.5,2.7994692152507895e-132
speed,3,Bi,GRU_Reference,4548616.0,0.0
speed,3,Bi,GRU_Third,4597155.0,0.0
speed,3,Bi,GRU_Twice,4597401.0,0.0
speed,3,Bi,LSTM_Linear,518752076211.0,0.0
speed,3,Bi,LSTM_Reference,4483000.0,0.0
speed,3,Bi,LSTM_Third,4592732.0,0.0
speed,3,Bi,LSTM_Twice,4595932.0,0.0
speed,3,Bi,RNN_Linear,555434936797.5,0.0
speed,3,Bi,RNN_Reference,4591738.0,0.0
speed,3,Bi,RNN_Third,4598455.0,0.0
speed,3,Bi,RNN_Twice,4597581.0,0.0
speed,3,Bi,UniTS,523218951966.0,0.0
speed,3,Conv,actual,556581617009.0,0.0
speed,3,Conv,GRU_Att_1,472457742055.0,0.0
speed,3,Conv,GRU_Att_2,457926336017.5,0.0
speed,3,Conv,GRU_Att_3,484226529672.5,0.0
speed,3,Conv,GRU_Att_4,494105632124.5,0.0
speed,3,Conv,GRU_Linear,536507966206.5,0.0
speed,3,Conv,GRU_Reference,55833285.0,0.0
speed,3,Conv,GRU_Third,56350490.0,0.0
speed,3,Conv,GRU_Twice,56344376.0,0.0
speed,3,Conv,LSTM_Linear,574029576965.0,1.4944888412881746e-46
speed,3,Conv,LSTM_Reference,56116899.0,0.0
speed,3,Conv,LSTM_Third,56345120.0,0.0
speed,3,Conv,LSTM_Twice,56355534.0,0.0
speed,3,Conv,RNN_Linear,564634231615.0,3.760156830184241e-219
speed,3,Conv,RNN_Reference,56322760.0,0.0
speed,3,Conv,RNN_Third,56357242.0,0.0
speed,3,Conv,RNN_Twice,56351677.0,0.0
speed,3,Conv,UniTS,542795174275.0,0.0
speed,4,Bi,Conv,514738923394.5,0.0
speed,4,Bi,actual,538911245211.0,0.0
speed,4,Bi,GRU_Att_1,454087556623.0,0.0
speed,4,Bi,GRU_Att_2,442710642982.5,0.0
speed,4,Bi,GRU_Att_3,456022236667.0,0.0
speed,4,Bi,GRU_Att_4,473679904486.0,0.0
speed,4,Bi,GRU_Linear,526418820338.0,0.0
speed,4,Bi,GRU_Reference,7880280.0,0.0
speed,4,Bi,GRU_Third,7880350.0,0.0
speed,4,Bi,GRU_Twice,7880350.0,0.0
speed,4,Bi,LSTM_Linear,513017589868.5,0.0
speed,4,Bi,LSTM_Reference,7880111.0,0.0
speed,4,Bi,LSTM_Third,7880280.0,0.0
speed,4,Bi,LSTM_Twice,7880348.0,0.0
speed,4,Bi,RNN_Linear,534955828422.0,0.0
speed,4,Bi,RNN_Reference,7880257.0,0.0
speed,4,Bi,RNN_Third,7880350.0,0.0
speed,4,Bi,RNN_Twice,7880350.0,0.0
speed,4,Bi,UniTS,534759212146.0,0.0
speed,4,Conv,actual,557695704216.0,0.0
speed,4,Conv,GRU_Att_1,467590622945.0,0.0
speed,4,Conv,GRU_Att_2,461328872453.5,0.0
speed,4,Conv,GRU_Att_3,470653651320.0,0.0
speed,4,Conv,GRU_Att_4,485841456050.0,0.0
speed,4,Conv,GRU_Linear,568947708265.0,2.1325588888559168e-88
speed,4,Conv,GRU_Reference,26767306.0,0.0
speed,4,Conv,GRU_Third,26768016.0,0.0
speed,4,Conv,GRU_Twice,26767979.0,0.0
speed,4,Conv,LSTM_Linear,561349070817.5,1.7515678468504864e-252
speed,4,Conv,LSTM_Reference,26763111.0,0.0
speed,4,Conv,LSTM_Third,26763667.0,0.0
speed,4,Conv,LSTM_Twice,26768084.0,0.0
speed,4,Conv,RNN_Linear,576087703298.0,1.2805799678967226e-11
speed,4,Conv,RNN_Reference,26768084.0,0.0
speed,4,Conv,RNN_Third,26768011.0,0.0
speed,4,Conv,RNN_Twice,26768084.0,0.0
speed,4,Conv,UniTS,548743216738.0,0.0
speed,5,Bi,Conv,502870812765.0,0.0
speed,5,Bi,actual,535914155358.5,0.0
speed,5,Bi,GRU_Att_1,443587872031.5,0.0
speed,5,Bi,GRU_Att_2,449707007666.5,0.0
speed,5,Bi,GRU_Att_3,456090329111.5,0.0
speed,5,Bi,GRU_Att_4,471665257924.0,0.0
speed,5,Bi,GRU_Linear,546593565234.5,0.0
speed,5,Bi,GRU_Reference,4743141.0,0.0
speed,5,Bi,GRU_Third,4743215.0,0.0
speed,5,Bi,GRU_Twice,4743212.0,0.0
speed,5,Bi,LSTM_Linear,576943818976.0,0.2676945566196003
speed,5,Bi,LSTM_Reference,4743013.0,0.0
speed,5,Bi,LSTM_Third,4743215.0,0.0
speed,5,Bi,LSTM_Twice,4743215.0,0.0
speed,5,Bi,RNN_Linear,560934942254.0,5.1322761652035395e-207
speed,5,Bi,RNN_Reference,4743215.0,0.0
speed,5,Bi,RNN_Third,4740608.0,0.0
speed,5,Bi,RNN_Twice,4743215.0,0.0
speed,5,Bi,UniTS,536868429702.0,0.0
speed,5,Conv,actual,560953644935.5,1.484468606410327e-206
speed,5,Conv,GRU_Att_1,470769194072.0,0.0
speed,5,Conv,GRU_Att_2,476623537832.5,0.0
speed,5,Conv,GRU_Att_3,479484575280.0,0.0
speed,5,Conv,GRU_Att_4,492985719033.0,0.0
speed,5,Conv,GRU_Linear,556151997934.0,0.0
speed,5,Conv,GRU_Reference,10924757.0,0.0
speed,5,Conv,GRU_Third,10924997.0,0.0
speed,5,Conv,GRU_Twice,10924997.0,0.0
speed,5,Conv,LSTM_Linear,491419709913.0,0.0
speed,5,Conv,LSTM_Reference,10924349.0,0.0
speed,5,Conv,LSTM_Third,10924997.0,0.0
speed,5,Conv,LSTM_Twice,10924997.0,0.0
speed,5,Conv,RNN_Linear,508697928978.5,0.0
speed,5,Conv,RNN_Reference,10924997.0,0.0
speed,5,Conv,RNN_Third,10909987.0,0.0
speed,5,Conv,RNN_Twice,10924991.0,0.0
speed,5,Conv,UniTS,552321847810.0,0.0
